tag,text,description
charity,Charity,
childhood,Childhood,
comingout,Coming Out,
community,Gay community,
cowperson,What does it mean to be a cowgirl/cowboy?,
dance,Dance,
events,Rodeo Events,
family,Family,
highlight,Highlight,
homophobia,Homophobia/Homophobic Attacks,
igra,Future of the association (IGRA),
injuries,Injuries,
jobs,Jobs/Professions,
mentor,Mentoring,
parents,Parents,
performance,event and show performances,
peta,PETA protests,
race,Race,
religion,Religion,
royalty,Association royalty,
teaching,teaching and students,
transphobia,Transphobia/Transphobic Attacks,
music,Music,